{
  "task_id": "--san_PKI_Certify--default",
  "warnings": [
    "1 wellformedness check failed!"
  ],
  "tamarin_timing": 0.15,
  "wrapper_measures": {
    "time": 0.3069845469981374,
    "avg_memory": 0.0078125,
    "peak_memory": 0.0078125
  },
  "output_spthy": "results/sanity/PKI/proofs/--san_PKI_Certify--default.spthy",
  "verified_lemma": {
    "san_PKI_Certify": {
      "steps": 5,
      "analysis_type": "exists-trace"
    }
  },
  "falsified_lemma": {},
  "unterminated_lemma": [
    "san_PKI_ClientValidate",
    "san_PKIExt_external_check_true",
    "san_PKIExt_external_check_false",
    "validateTime",
    "authenticity",
    "CA_auth_w_compromise",
    "CA_auth",
    "acc_external_check_CAfalseAsserts_suff",
    "acc_external_check_verif_empty",
    "acc_external_check_CAfalseAsserts_verif_nonempty",
    "acc_external_check_CAfalseAsserts_min",
    "acc_external_check_CAfalseAsserts_uniq",
    "acc_external_check_CAfalseAsserts_inj",
    "acc_external_check_CAfalseAsserts_single"
  ]
}