{
  "task_id": "--acc_Gossiping_fakeCheck_ca_rogue_replaced_with_monitor_gossip_inj--default",
  "warnings": [],
  "tamarin_timing": 1.59,
  "wrapper_measures": {
    "time": 1.8756002189984429,
    "avg_memory": 103.732421875,
    "peak_memory": 207.45703125
  },
  "output_spthy": "results/acc-auth/acc_Gossiping_fakeCheck/proofs/--acc_Gossiping_fakeCheck_ca_rogue_replaced_with_monitor_gossip_inj--default.spthy",
  "verified_lemma": {
    "acc_Gossiping_fakeCheck_ca_rogue_replaced_with_monitor_gossip_inj": {
      "steps": 1,
      "analysis_type": "all-traces"
    }
  },
  "falsified_lemma": {},
  "unterminated_lemma": [
    "san_CT_ClientFindsInclusionViolation_1",
    "san_CT_ClientFindsInclusionViolation_2",
    "san_CT_ClientRunsConsistencyCheck",
    "san_CT_ClientVerifiesInclusion",
    "san_CT_ClientFindsAppendOnlyViolation_1",
    "san_CT_ClientFindsAppendOnlyViolation_2",
    "san_CT_ClientVerifiesAppendOnly",
    "entryVisible_implies_not_NotVisible",
    "append_only_guarantee_helper1",
    "append_only_guarantee_helper2",
    "append_only_guarantee_helper3",
    "append_only_guarantee",
    "san_CT_PreCertified",
    "san_CT_PubKeyCertify",
    "san_CT_ClientValidate",
    "san_CT_add_preC_to_log",
    "san_CT_forge_log_view",
    "san_CT_remove_from_log_malicious",
    "san_CT_monitorFindsAppendOnlyViolation_1",
    "san_CT_monitorFindsAppendOnlyViolation_2",
    "san_CT_monitorFindsRogueCertificate",
    "san_CT_monitorCanFindCertificate",
    "san_CT_monitorFindsRogueCertificate_SLEEP",
    "san_CT_monitorCannotFindCertificate",
    "monitor_CT_finds_viol_although_visible",
    "san_CTAudit_monitorAudit_CA_Viol",
    "san_CTAudit_monitorAudit_no_viol",
    "san_CTAudit_monitorAudit_Sleep",
    "san_CTExt_monitor_externalCheck_Fake",
    "san_CTExt_monitor_externalCheck_Verified",
    "san_PKIExt_external_check_true",
    "san_PKIExt_external_check_false",
    "san_CTGossip_monitorFindsRogueCert_Gossiped",
    "san_CTGossip_monitorFindsCert_Gossiped",
    "san_CTGossip_monitorCannotFindCert_Gossiped",
    "san_CTGossip_monitorFindsAppendOnlyViolation_Gossiped",
    "san_CTGossip_monitorVerifiesAppendOnly_Gossiped",
    "gossiped_appendOnly_log_id",
    "malicious_loggers1",
    "malicious_loggers2",
    "validateTime",
    "monitor_finds_dishonest_logger",
    "client_finds_dishonest_logger2",
    "CA_auth_w_compromise",
    "authenticity",
    "CA_auth",
    "Loggers_auth",
    "validity_guarantees_logging",
    "validity_guarantees_logging_SAN",
    "AppendOnlyViolation_Guarantee",
    "InclusionProofViolation_Guarantee",
    "RogueCertFound_Guarantee",
    "Violation_with_CA_Guarantee",
    "transparency_logger_client_without_mmd",
    "transparency_logger_any_party",
    "transparency_does_not_hold",
    "full_transparency_if_audit_is_used",
    "no_transparency_gossip_without_client_proof",
    "no_transparency_gossip_with_client_proof",
    "exists_acc",
    "accountable_transparency_helperEquiv",
    "accountable_transparency_gossip_helper1",
    "accountable_transparency_gossip_helper2",
    "accountable_transparency_gossip_helper3",
    "accountable_transparency_gossip_helper4",
    "accountable_transparency_gossip_helper5",
    "Gos_AppendOnlyViol_guarantee",
    "accountable_transparency_CT_clientside_LoggerViolatesInclusion_client_suff",
    "accountable_transparency_CT_clientside_verif_empty",
    "accountable_transparency_CT_clientside_LoggerViolatesInclusion_client_verif_nonempty",
    "accountable_transparency_CT_clientside_LoggerViolatesInclusion_client_min",
    "accountable_transparency_CT_clientside_LoggerViolatesInclusion_client_uniq",
    "accountable_transparency_CT_clientside_LoggerViolatesInclusion_client_inj",
    "accountable_transparency_CT_clientside_LoggerViolatesInclusion_client_single",
    "accountable_transparency_CT_unrealistic_LoggerViolatesInclusion_monitor_suff",
    "accountable_transparency_CT_unrealistic_verif_empty",
    "accountable_transparency_CT_unrealistic_LoggerViolatesInclusion_monitor_verif_nonempty",
    "accountable_transparency_CT_unrealistic_LoggerViolatesInclusion_monitor_min",
    "accountable_transparency_CT_unrealistic_LoggerViolatesInclusion_monitor_uniq",
    "accountable_transparency_CT_unrealistic_LoggerViolatesInclusion_monitor_inj",
    "accountable_transparency_CT_unrealistic_LoggerViolatesInclusion_monitor_single",
    "accountable_transparency_CT_realistic_LoggerViolatesInclusion_monitor_wo_validate_suff",
    "accountable_transparency_CT_realistic_verif_empty",
    "accountable_transparency_CT_realistic_LoggerViolatesInclusion_monitor_wo_validate_verif_nonempty",
    "accountable_transparency_CT_realistic_LoggerViolatesInclusion_monitor_wo_validate_min",
    "accountable_transparency_CT_realistic_LoggerViolatesInclusion_monitor_wo_validate_uniq",
    "accountable_transparency_CT_realistic_LoggerViolatesInclusion_monitor_wo_validate_inj",
    "accountable_transparency_CT_realistic_LoggerViolatesInclusion_monitor_wo_validate_single",
    "accountable_transparency_gossiped_monitor_LoggerViolatesInclusion_monitor_gossip_suff",
    "accountable_transparency_gossiped_monitor_verif_empty",
    "accountable_transparency_gossiped_monitor_LoggerViolatesInclusion_monitor_gossip_verif_nonempty",
    "accountable_transparency_gossiped_monitor_LoggerViolatesInclusion_monitor_gossip_min",
    "accountable_transparency_gossiped_monitor_LoggerViolatesInclusion_monitor_gossip_uniq",
    "accountable_transparency_gossiped_monitor_LoggerViolatesInclusion_monitor_gossip_inj",
    "accountable_transparency_gossiped_monitor_LoggerViolatesInclusion_monitor_gossip_single",
    "accountable_transparency_auditing_monitor_finds_dishonest_logger_only_suff",
    "accountable_transparency_auditing_verif_empty",
    "accountable_transparency_auditing_monitor_finds_dishonest_logger_only_verif_nonempty",
    "accountable_transparency_auditing_monitor_finds_dishonest_logger_only_min",
    "accountable_transparency_auditing_monitor_finds_dishonest_logger_only_uniq",
    "accountable_transparency_auditing_monitor_finds_dishonest_logger_only_inj",
    "accountable_transparency_auditing_monitor_finds_dishonest_logger_only_single",
    "client_side_transparency_guarantee_v1_LoggerViolatesInclusion_v1_suff",
    "client_side_transparency_guarantee_v1_verif_empty",
    "client_side_transparency_guarantee_v1_LoggerViolatesInclusion_v1_verif_nonempty",
    "client_side_transparency_guarantee_v1_LoggerViolatesInclusion_v1_min",
    "client_side_transparency_guarantee_v1_LoggerViolatesInclusion_v1_uniq",
    "client_side_transparency_guarantee_v1_LoggerViolatesInclusion_v1_inj",
    "client_side_transparency_guarantee_v1_LoggerViolatesInclusion_v1_single",
    "client_side_transparency_guarantee_v2_LoggerViolatesInclusion_v1_suff",
    "client_side_transparency_guarantee_v2_verif_empty",
    "client_side_transparency_guarantee_v2_LoggerViolatesInclusion_v1_verif_nonempty",
    "client_side_transparency_guarantee_v2_LoggerViolatesInclusion_v1_min",
    "client_side_transparency_guarantee_v2_LoggerViolatesInclusion_v1_uniq",
    "client_side_transparency_guarantee_v2_LoggerViolatesInclusion_v1_inj",
    "client_side_transparency_guarantee_v2_LoggerViolatesInclusion_v1_single",
    "client_side_transparency_guarantee_v3_violation_test1_suff",
    "client_side_transparency_guarantee_v3_verif_empty",
    "client_side_transparency_guarantee_v3_violation_test1_verif_nonempty",
    "client_side_transparency_guarantee_v3_violation_test1_min",
    "client_side_transparency_guarantee_v3_violation_test1_uniq",
    "client_side_transparency_guarantee_v3_violation_test1_inj",
    "client_side_transparency_guarantee_v3_violation_test1_single",
    "client_side_transparency_guarantee_v4_violation_test2_suff",
    "client_side_transparency_guarantee_v4_verif_empty",
    "client_side_transparency_guarantee_v4_violation_test2_verif_nonempty",
    "client_side_transparency_guarantee_v4_violation_test2_min",
    "client_side_transparency_guarantee_v4_violation_test2_uniq",
    "client_side_transparency_guarantee_v4_violation_test2_inj",
    "client_side_transparency_guarantee_v4_violation_test2_single",
    "acc_external_check_CAfalseAsserts_suff",
    "acc_external_check_verif_empty",
    "acc_external_check_CAfalseAsserts_verif_nonempty",
    "acc_external_check_CAfalseAsserts_min",
    "acc_external_check_CAfalseAsserts_uniq",
    "acc_external_check_CAfalseAsserts_inj",
    "acc_external_check_CAfalseAsserts_single",
    "acc_faked_cert_CA_dishonest_CA_suff",
    "acc_faked_cert_CA_verif_empty",
    "acc_faked_cert_CA_dishonest_CA_verif_nonempty",
    "acc_faked_cert_CA_dishonest_CA_min",
    "acc_faked_cert_CA_dishonest_CA_uniq",
    "acc_faked_cert_CA_dishonest_CA_inj",
    "acc_faked_cert_CA_dishonest_CA_single",
    "acc_under_perfect_transparency_monitor_sleeps_suff",
    "acc_under_perfect_transparency_verif_empty",
    "acc_under_perfect_transparency_monitor_sleeps_verif_nonempty",
    "acc_under_perfect_transparency_monitor_sleeps_min",
    "acc_under_perfect_transparency_monitor_sleeps_uniq",
    "acc_under_perfect_transparency_monitor_sleeps_inj",
    "acc_under_perfect_transparency_monitor_sleeps_single",
    "acc_under_conditional_transparency_monitor_sleeps_conditional_suff",
    "acc_under_conditional_transparency_verif_empty",
    "acc_under_conditional_transparency_monitor_sleeps_conditional_verif_nonempty",
    "acc_under_conditional_transparency_monitor_sleeps_conditional_min",
    "acc_under_conditional_transparency_monitor_sleeps_conditional_uniq",
    "acc_under_conditional_transparency_monitor_sleeps_conditional_inj",
    "acc_under_conditional_transparency_monitor_sleeps_conditional_single",
    "acc_under_non_guaranteed_transparency_monitor_sleeps_unconditional_suff",
    "acc_under_non_guaranteed_transparency_verif_empty",
    "acc_under_non_guaranteed_transparency_monitor_sleeps_unconditional_verif_nonempty",
    "acc_under_non_guaranteed_transparency_monitor_sleeps_unconditional_min",
    "acc_under_non_guaranteed_transparency_monitor_sleeps_unconditional_uniq",
    "acc_under_non_guaranteed_transparency_monitor_sleeps_unconditional_inj",
    "acc_under_non_guaranteed_transparency_monitor_sleeps_unconditional_single",
    "acc_under_Audit_monitor_sleeps_unconditional_audit_suff",
    "acc_under_Audit_verif_empty",
    "acc_under_Audit_monitor_sleeps_unconditional_audit_verif_nonempty",
    "acc_under_Audit_monitor_sleeps_unconditional_audit_min",
    "acc_under_Audit_monitor_sleeps_unconditional_audit_uniq",
    "acc_under_Audit_monitor_sleeps_unconditional_audit_inj",
    "acc_under_Audit_monitor_sleeps_unconditional_audit_single",
    "acc_CT_monitor_external_check_ca_rogue_suff",
    "acc_CT_monitor_external_check_verif_empty",
    "acc_CT_monitor_external_check_ca_rogue_verif_nonempty",
    "acc_CT_monitor_external_check_ca_rogue_min",
    "acc_CT_monitor_external_check_ca_rogue_uniq",
    "acc_CT_monitor_external_check_ca_rogue_inj",
    "acc_CT_monitor_external_check_ca_rogue_single",
    "acc_CT_monitor_external_check_with_clientside_blame_ca_rogue_not_logger_inclusion_viol_suff",
    "acc_CT_monitor_external_check_with_clientside_blame_logger_inclusion_viol_suff",
    "acc_CT_monitor_external_check_with_clientside_blame_verif_empty",
    "acc_CT_monitor_external_check_with_clientside_blame_ca_rogue_not_logger_inclusion_viol_verif_nonempty",
    "acc_CT_monitor_external_check_with_clientside_blame_logger_inclusion_viol_verif_nonempty",
    "acc_CT_monitor_external_check_with_clientside_blame_ca_rogue_not_logger_inclusion_viol_min",
    "acc_CT_monitor_external_check_with_clientside_blame_logger_inclusion_viol_min",
    "acc_CT_monitor_external_check_with_clientside_blame_ca_rogue_not_logger_inclusion_viol_uniq",
    "acc_CT_monitor_external_check_with_clientside_blame_logger_inclusion_viol_uniq",
    "acc_CT_monitor_external_check_with_clientside_blame_ca_rogue_not_logger_inclusion_viol_inj",
    "acc_CT_monitor_external_check_with_clientside_blame_logger_inclusion_viol_inj",
    "acc_CT_monitor_external_check_with_clientside_blame_ca_rogue_not_logger_inclusion_viol_single",
    "acc_CT_monitor_external_check_with_clientside_blame_logger_inclusion_viol_single",
    "acc_CT_monitor_external_check_with_monitor_blames_log_unrealistic_ca_rogue_not_monitor_logger_cannot_find_suff",
    "acc_CT_monitor_external_check_with_monitor_blames_log_unrealistic_monitor_logger_cannot_find_suff",
    "acc_CT_monitor_external_check_with_monitor_blames_log_unrealistic_verif_empty",
    "acc_CT_monitor_external_check_with_monitor_blames_log_unrealistic_ca_rogue_not_monitor_logger_cannot_find_verif_nonempty",
    "acc_CT_monitor_external_check_with_monitor_blames_log_unrealistic_monitor_logger_cannot_find_verif_nonempty",
    "acc_CT_monitor_external_check_with_monitor_blames_log_unrealistic_ca_rogue_not_monitor_logger_cannot_find_min",
    "acc_CT_monitor_external_check_with_monitor_blames_log_unrealistic_monitor_logger_cannot_find_min",
    "acc_CT_monitor_external_check_with_monitor_blames_log_unrealistic_ca_rogue_not_monitor_logger_cannot_find_uniq",
    "acc_CT_monitor_external_check_with_monitor_blames_log_unrealistic_monitor_logger_cannot_find_uniq",
    "acc_CT_monitor_external_check_with_monitor_blames_log_unrealistic_ca_rogue_not_monitor_logger_cannot_find_inj",
    "acc_CT_monitor_external_check_with_monitor_blames_log_unrealistic_monitor_logger_cannot_find_inj",
    "acc_CT_monitor_external_check_with_monitor_blames_log_unrealistic_ca_rogue_not_monitor_logger_cannot_find_single",
    "acc_CT_monitor_external_check_with_monitor_blames_log_unrealistic_monitor_logger_cannot_find_single",
    "acc_CT_monitor_fetches_log_ca_rogue_replaced_with_monitor_fetch_suff",
    "acc_CT_monitor_fetches_log_verif_empty",
    "acc_CT_monitor_fetches_log_ca_rogue_replaced_with_monitor_fetch_verif_nonempty",
    "acc_CT_monitor_fetches_log_ca_rogue_replaced_with_monitor_fetch_min",
    "acc_CT_monitor_fetches_log_ca_rogue_replaced_with_monitor_fetch_uniq",
    "acc_CT_monitor_fetches_log_ca_rogue_replaced_with_monitor_fetch_inj",
    "acc_CT_monitor_fetches_log_ca_rogue_replaced_with_monitor_fetch_single",
    "acc_CT_monitor_fetches_honest_log_ca_rogue_replaced_with_honest_monitor_fetch_suff",
    "acc_CT_monitor_fetches_honest_log_verif_empty",
    "acc_CT_monitor_fetches_honest_log_ca_rogue_replaced_with_honest_monitor_fetch_verif_nonempty",
    "acc_CT_monitor_fetches_honest_log_ca_rogue_replaced_with_honest_monitor_fetch_min",
    "acc_CT_monitor_fetches_honest_log_ca_rogue_replaced_with_honest_monitor_fetch_uniq",
    "acc_CT_monitor_fetches_honest_log_ca_rogue_replaced_with_honest_monitor_fetch_inj",
    "acc_CT_monitor_fetches_honest_log_ca_rogue_replaced_with_honest_monitor_fetch_single",
    "acc_CT_monitor_fetches_honest_log_with_Sleep_ca_rogue_replaced_with_honest_monitor_fetch_with_sleep_suff",
    "acc_CT_monitor_fetches_honest_log_with_Sleep_ca_rogue_and_monitor_sleeps_suff",
    "acc_CT_monitor_fetches_honest_log_with_Sleep_verif_empty",
    "acc_CT_monitor_fetches_honest_log_with_Sleep_ca_rogue_replaced_with_honest_monitor_fetch_with_sleep_verif_nonempty",
    "acc_CT_monitor_fetches_honest_log_with_Sleep_ca_rogue_and_monitor_sleeps_verif_nonempty",
    "acc_CT_monitor_fetches_honest_log_with_Sleep_ca_rogue_replaced_with_honest_monitor_fetch_with_sleep_min",
    "acc_CT_monitor_fetches_honest_log_with_Sleep_ca_rogue_and_monitor_sleeps_min",
    "acc_CT_monitor_fetches_honest_log_with_Sleep_ca_rogue_replaced_with_honest_monitor_fetch_with_sleep_uniq",
    "acc_CT_monitor_fetches_honest_log_with_Sleep_ca_rogue_and_monitor_sleeps_uniq",
    "acc_CT_monitor_fetches_honest_log_with_Sleep_ca_rogue_replaced_with_honest_monitor_fetch_with_sleep_inj",
    "acc_CT_monitor_fetches_honest_log_with_Sleep_ca_rogue_and_monitor_sleeps_inj",
    "acc_CT_monitor_fetches_honest_log_with_Sleep_ca_rogue_replaced_with_honest_monitor_fetch_with_sleep_single",
    "acc_CT_monitor_fetches_honest_log_with_Sleep_ca_rogue_and_monitor_sleeps_single",
    "acc_CTAudit_fakeCheck_ca_rogue_replaced_with_monitor_audit_suff",
    "acc_CTAudit_fakeCheck_verif_empty",
    "acc_CTAudit_fakeCheck_ca_rogue_replaced_with_monitor_audit_verif_nonempty",
    "acc_CTAudit_fakeCheck_ca_rogue_replaced_with_monitor_audit_min",
    "acc_CTAudit_fakeCheck_ca_rogue_replaced_with_monitor_audit_uniq",
    "acc_CTAudit_fakeCheck_ca_rogue_replaced_with_monitor_audit_inj",
    "acc_CTAudit_fakeCheck_ca_rogue_replaced_with_monitor_audit_single",
    "acc_CTAudit_fakeCheck_and_logger_blame_audit_fake_check_logger_honest_suff",
    "acc_CTAudit_fakeCheck_and_logger_blame_audit_fake_check_logger_malicious_suff",
    "acc_CTAudit_fakeCheck_and_logger_blame_verif_empty",
    "acc_CTAudit_fakeCheck_and_logger_blame_audit_fake_check_logger_honest_verif_nonempty",
    "acc_CTAudit_fakeCheck_and_logger_blame_audit_fake_check_logger_malicious_verif_nonempty",
    "acc_CTAudit_fakeCheck_and_logger_blame_audit_fake_check_logger_honest_min",
    "acc_CTAudit_fakeCheck_and_logger_blame_audit_fake_check_logger_malicious_min",
    "acc_CTAudit_fakeCheck_and_logger_blame_audit_fake_check_logger_honest_uniq",
    "acc_CTAudit_fakeCheck_and_logger_blame_audit_fake_check_logger_malicious_uniq",
    "acc_CTAudit_fakeCheck_and_logger_blame_audit_fake_check_logger_honest_inj",
    "acc_CTAudit_fakeCheck_and_logger_blame_audit_fake_check_logger_malicious_inj",
    "acc_CTAudit_fakeCheck_and_logger_blame_audit_fake_check_logger_honest_single",
    "acc_CTAudit_fakeCheck_and_logger_blame_audit_fake_check_logger_malicious_single",
    "acc_CTAudit_fakeCheck_and_logger_blame_with_sleep_ca_rogue_replaced_with_monitor_audit_not_rogue_log_not_sleep_suff",
    "acc_CTAudit_fakeCheck_and_logger_blame_with_sleep_ca_rogue_replaced_with_monitor_audit_and_rogue_log_sleep_suff",
    "acc_CTAudit_fakeCheck_and_logger_blame_with_sleep_ca_rogue_replaced_with_monitor_audit_and_sleep_suff",
    "acc_CTAudit_fakeCheck_and_logger_blame_with_sleep_verif_empty",
    "acc_CTAudit_fakeCheck_and_logger_blame_with_sleep_ca_rogue_replaced_with_monitor_audit_not_rogue_log_not_sleep_verif_nonempty",
    "acc_CTAudit_fakeCheck_and_logger_blame_with_sleep_ca_rogue_replaced_with_monitor_audit_and_rogue_log_sleep_verif_nonempty",
    "acc_CTAudit_fakeCheck_and_logger_blame_with_sleep_ca_rogue_replaced_with_monitor_audit_and_sleep_verif_nonempty",
    "acc_CTAudit_fakeCheck_and_logger_blame_with_sleep_ca_rogue_replaced_with_monitor_audit_not_rogue_log_not_sleep_min",
    "acc_CTAudit_fakeCheck_and_logger_blame_with_sleep_ca_rogue_replaced_with_monitor_audit_and_rogue_log_sleep_min",
    "acc_CTAudit_fakeCheck_and_logger_blame_with_sleep_ca_rogue_replaced_with_monitor_audit_and_sleep_min",
    "acc_CTAudit_fakeCheck_and_logger_blame_with_sleep_ca_rogue_replaced_with_monitor_audit_not_rogue_log_not_sleep_uniq",
    "acc_CTAudit_fakeCheck_and_logger_blame_with_sleep_ca_rogue_replaced_with_monitor_audit_and_rogue_log_sleep_uniq",
    "acc_CTAudit_fakeCheck_and_logger_blame_with_sleep_ca_rogue_replaced_with_monitor_audit_and_sleep_uniq",
    "acc_CTAudit_fakeCheck_and_logger_blame_with_sleep_ca_rogue_replaced_with_monitor_audit_not_rogue_log_not_sleep_inj",
    "acc_CTAudit_fakeCheck_and_logger_blame_with_sleep_ca_rogue_replaced_with_monitor_audit_and_rogue_log_sleep_inj",
    "acc_CTAudit_fakeCheck_and_logger_blame_with_sleep_ca_rogue_replaced_with_monitor_audit_and_sleep_inj",
    "acc_CTAudit_fakeCheck_and_logger_blame_with_sleep_ca_rogue_replaced_with_monitor_audit_not_rogue_log_not_sleep_single",
    "acc_CTAudit_fakeCheck_and_logger_blame_with_sleep_ca_rogue_replaced_with_monitor_audit_and_rogue_log_sleep_single",
    "acc_CTAudit_fakeCheck_and_logger_blame_with_sleep_ca_rogue_replaced_with_monitor_audit_and_sleep_single",
    "acc_Gossiping_fakeCheck_ca_rogue_replaced_with_monitor_gossip_suff",
    "acc_Gossiping_fakeCheck_verif_empty",
    "acc_Gossiping_fakeCheck_ca_rogue_replaced_with_monitor_gossip_verif_nonempty",
    "acc_Gossiping_fakeCheck_ca_rogue_replaced_with_monitor_gossip_min",
    "acc_Gossiping_fakeCheck_ca_rogue_replaced_with_monitor_gossip_uniq",
    "acc_Gossiping_fakeCheck_ca_rogue_replaced_with_monitor_gossip_single"
  ]
}