{
  "task_id": "--san_CTExt_monitor_externalCheck_Fake--default",
  "error_description": "An unexpected error occurred, see stderr output below for details.",
  "wrapper_measures": {
    "time": 2.3986249970002973,
    "avg_memory": 147.37630208333334,
    "peak_memory": 264.19921875
  },
  "return_code": 1,
  "last_stderr_lines": [
    "maude tool: 'maude'",
    " checking version: 2.7.1. OK.",
    " checking installation: OK.",
    "[Theory ct] Theory loaded",
    "[Theory ct] Theory translated",
    "[Theory ct] Theory closed",
    "tamarin-prover: <<loop>>"
  ]
}