{
  "task_id": "--san_CT_PubKeyCertify--default",
  "error_description": "An unexpected error occurred, see stderr output below for details.",
  "wrapper_measures": {
    "time": 2.2646763500015368,
    "avg_memory": 186.68619791666669,
    "peak_memory": 375.13671875
  },
  "return_code": 1,
  "last_stderr_lines": [
    "maude tool: 'maude'",
    " checking version: 2.7.1. OK.",
    " checking installation: OK.",
    "[Theory ct] Theory loaded",
    "[Theory ct] Theory translated",
    "[Theory ct] Theory closed",
    "tamarin-prover: <<loop>>"
  ]
}